<core:FragmentDefinition xmlns="sap.m" xmlns:core="sap.ui.core" xmlns:ovp="sap.ovp.ui"
	xmlns:template="http://schemas.sap.com/sapui5/extension/sap.ui.core.template/1" xmlns:micro="sap.suite.ui.microchart">
	<VBox height="336px">
		<List id="ovpList" items="{estoque>/}" class="listCardType">
			<items>
				<CustomListItem id="listItem" type="Inactive" class="sapOvpBarList sapOvpBarCondensedList">
					<VBox class="sapOvpBarListVBoxLeft">
						<Text id="_textArea" class="sapOvpExtendedBarListFirstDataField sapOvpOverflowEllipsisDataField" text="{estoque>Classificacao}"/>
						<HBox class="sapOvpBarListHBox sapOvpBarStandardList">
							<micro:ComparisonMicroChart class="sapOvpBarListComparisonMicroChartAlignment" width="100%" shrinkable="true">
								<micro:data>
									<micro:ComparisonMicroChartData displayValue=" " value="{path: 'estoque>QtdAval', formatter: '.toInteger'}" color="#5cbae6"/>
								</micro:data>
							</micro:ComparisonMicroChart>
							<ObjectNumber number="{estoque>QtdAval}" textAlign="End"/>
						</HBox>
					</VBox>
				</CustomListItem>
			</items>
		</List>
	</VBox>
</core:FragmentDefinition>