<edmx:Edmx xmlns:edmx="http://schemas.microsoft.com/ado/2007/06/edmx"
	xmlns:m="http://schemas.microsoft.com/ado/2007/08/dataservices/metadata" xmlns:sap="http://www.sap.com/Protocols/SAPData" Version="1.0">
	<edmx:DataServices m:DataServiceVersion="2.0">
		<Schema xmlns="http://schemas.microsoft.com/ado/2008/09/edm" Namespace="ZHODOS_SRV" xml:lang="pt" sap:schema-version="1">
			<EntityType Name="GlobalFilter" sap:content-version="1">
				<Key><PropertyRef Name="CodLoja"/><PropertyRef Name="Ano"/><PropertyRef Name="Semana"/></Key><Property Name="CodLoja" Type="Edm.String" Nullable="false" MaxLength="4" sap:unicode="false" sap:creatable="false" sap:updatable="false"
					sap:sortable="false"/><Property Name="Ano" Type="Edm.String" Nullable="false" MaxLength="4" sap:unicode="false" sap:creatable="false" sap:updatable="false"
					sap:sortable="false"/><Property Name="Semana" Type="Edm.String" Nullable="false" MaxLength="2" sap:unicode="false" sap:creatable="false" sap:updatable="false"
					sap:sortable="false"/></EntityType>
			<EntityContainer Name="ZHODOS_SRV_Entities" m:IsDefaultEntityContainer="true" sap:supported-formats="atom json xlsx"><EntitySet Name="GlobalFilterSet" EntityType="ZHODOS_SRV.GlobalFilter" sap:creatable="false" sap:updatable="false" sap:deletable="false"
				sap:searchable="true" sap:pageable="false" sap:content-version="1"/></EntityContainer><atom:link xmlns:atom="http://www.w3.org/2005/Atom" rel="self" href="./sap/ZHODOS_SRV/$metadata"/><atom:link xmlns:atom="http://www.w3.org/2005/Atom" rel="latest-version" href="./sap/ZHODOS_SRV/$metadata"/></Schema>
	</edmx:DataServices>
</edmx:Edmx>