<core:FragmentDefinition xmlns="sap.m" xmlns:core="sap.ui.core" xmlns:ovp="sap.ovp.ui"
	xmlns:template="http://schemas.sap.com/sapui5/extension/sap.ui.core.template/1" xmlns:micro="sap.suite.ui.microchart">
	<VBox height="336px">
		<List id="ovpList" items="{encantamento>/}" class="listCardType" itemPress="onEncantamentoPress">
			<items>
				<CustomListItem id="listItem" type="Inactive" class="sapOvpBarList sapOvpBarCondensedList">
					<VBox class="sapOvpBarListVBoxLeft">
						<Text id="_textArea" class="sapOvpExtendedBarListFirstDataField sapOvpOverflowEllipsisDataField" text="{encantamento>Caracteristica}"/>
						<HBox class="sapOvpBarListHBox sapOvpBarStandardList">
							<micro:ComparisonMicroChart class="sapOvpBarListComparisonMicroChartAlignment" width="100%" shrinkable="true" maxValue="100">
								<micro:data>
									<micro:ComparisonMicroChartData displayValue=" " value="{= parseInt(${encantamento>CumpTot})}" color="{encantamento>Cor}"/>
								</micro:data>
							</micro:ComparisonMicroChart>
							<ObjectNumber number="{= parseInt(${encantamento>CumpTot})}" unit="%" textAlign="End"/>
						</HBox>
					</VBox>
				</CustomListItem>
			</items>
		</List>
	</VBox>
</core:FragmentDefinition>