{
  ".che/project.json": 1579810952000,
  ".gitignore": 1579810952000,
  "Component-dbg.js": 1579810952000,
  "Component-preload.js": 1579818244945,
  "Component.js": 1579810952000,
  "Gruntfile.js": 1579810952000,
  "controller/Main-dbg.controller.js": 1579810952000,
  "controller/Main.controller.js": 1579810952000,
  "controls/3rdparty/Chart-dbg.js": 1579810952000,
  "controls/3rdparty/Chart.js": 1579810952000,
  "controls/BaseChartJS-dbg.js": 1579810952000,
  "controls/BaseChartJS.js": 1579810952000,
  "controls/BaseChartJSRenderer-dbg.js": 1579810952000,
  "controls/BaseChartJSRenderer.js": 1579810952000,
  "controls/RadarChartJS-dbg.js": 1579810952000,
  "controls/RadarChartJS.js": 1579810952000,
  "controls/RadarChartJSRenderer-dbg.js": 1579810952000,
  "controls/RadarChartJSRenderer.js": 1579810952000,
  "controls/library-dbg.js": 1579810952000,
  "controls/library.js": 1579810952000,
  "css/style-dbg.css": 1579810952000,
  "css/style.css": 1579810952000,
  "di.code-validation.core_issues.json": 1579810952000,
  "fragment/Anos.fragment.xml": 1579810952000,
  "fragment/Gerais.fragment.xml": 1579810952000,
  "fragment/Lojas.fragment.xml": 1579810952000,
  "fragment/Meses.fragment.xml": 1579810952000,
  "fragment/Paises.fragment.xml": 1579810952000,
  "fragment/Regionais.fragment.xml": 1579810952000,
  "fragment/Semanas.fragment.xml": 1579810952000,
  "fragment/Vendedores.fragment.xml": 1579810952000,
  "i18n/i18n.properties": 1579810952000,
  "images/Observacoes.png": 1579810952000,
  "images/centauro.jpg": 1579810952000,
  "images/hodos.png": 1579810952000,
  "images/satisfacaoMedia.jpg": 1579810952000,
  "images/satisfacaoOk.jpg": 1579810952000,
  "images/satisfacaoRuim.jpg": 1579810952000,
  "index.html": 1579810952000,
  "libs/ExportPageToPDF.js": 1579810952000,
  "libs/addimage.js": 1579810952000,
  "libs/adler32cs.js": 1579810952000,
  "libs/canvg.js": 1579810952000,
  "libs/html2canvas.js": 1579810952000,
  "libs/jsPDF.js": 1579810952000,
  "libs/png.js": 1579810952000,
  "libs/png_support.js": 1579810952000,
  "libs/rgbcolor.js": 1579810952000,
  "libs/stackblur.js": 1579810952000,
  "libs/zlib.js": 1579810952000,
  "localService/metadata.xml": 1579810952000,
  "manifest-bundle.zip": 1579810952000,
  "manifest.json": 1579810952000,
  "model/models-dbg.js": 1579810952000,
  "model/models.js": 1579810952000,
  "neo-app.json": 1579810952000,
  "package-lock.json": 1579810952000,
  "package.json": 1579810952000,
  "resources.json": 1579818244955,
  "test/integration/AllJourneys-dbg.js": 1579810952000,
  "test/integration/AllJourneys.js": 1579810952000,
  "test/integration/NavigationJourney-dbg.js": 1579810952000,
  "test/integration/NavigationJourney.js": 1579810952000,
  "test/integration/arrangements/Startup-dbg.js": 1579810952000,
  "test/integration/arrangements/Startup.js": 1579810952000,
  "test/integration/opaTests.qunit-dbg.js": 1579810952000,
  "test/integration/opaTests.qunit.html": 1579810952000,
  "test/integration/opaTests.qunit.js": 1579810952000,
  "test/integration/pages/Main-dbg.js": 1579810952000,
  "test/integration/pages/Main.js": 1579810952000,
  "test/testsuite.qunit-dbg.js": 1579810952000,
  "test/testsuite.qunit.html": 1579810952000,
  "test/testsuite.qunit.js": 1579810952000,
  "test/unit/AllTests-dbg.js": 1579810952000,
  "test/unit/AllTests.js": 1579810952000,
  "test/unit/controller/Main-dbg.controller.js": 1579810952000,
  "test/unit/controller/Main.controller.js": 1579810952000,
  "test/unit/unitTests.qunit-dbg.js": 1579810952000,
  "test/unit/unitTests.qunit.html": 1579810952000,
  "test/unit/unitTests.qunit.js": 1579810952000,
  "view/Main.view.xml": 1579810952000
}