{
  "Component-dbg.js": 1550681251714,
  "Component-preload.js": 1550681251734,
  "Component.js": 1550673998000,
  "controller/Main-dbg.controller.js": 1550681251714,
  "controller/Main.controller.js": 1550673998000,
  "css/style-dbg.css": 1550681251714,
  "css/style.css": 1550681251504,
  "di.code-validation.core_issues.json": 1550681251354,
  "extended_runnable_file.html": 1550673998000,
  "i18n/i18n.properties": 1550673998000,
  "index.html": 1550673998000,
  "localService/metadata.xml": 1550673998000,
  "manifest-bundle.zip": 1550681251844,
  "manifest.json": 1550681251484,
  "model/models-dbg.js": 1550681251714,
  "model/models.js": 1550673998000,
  "neo-app.json": 1550681251754,
  "resources.json": 1550681251764,
  "test/integration/AllJourneys-dbg.js": 1550681251714,
  "test/integration/AllJourneys.js": 1550673998000,
  "test/integration/NavigationJourney-dbg.js": 1550681251714,
  "test/integration/NavigationJourney.js": 1550673998000,
  "test/integration/arrangements/Startup-dbg.js": 1550681251714,
  "test/integration/arrangements/Startup.js": 1550673998000,
  "test/integration/opaTests.qunit-dbg.js": 1550681251714,
  "test/integration/opaTests.qunit.html": 1550673998000,
  "test/integration/opaTests.qunit.js": 1550673998000,
  "test/integration/pages/Main-dbg.js": 1550681251714,
  "test/integration/pages/Main.js": 1550673998000,
  "test/testsuite.qunit-dbg.js": 1550681251714,
  "test/testsuite.qunit.html": 1550673998000,
  "test/testsuite.qunit.js": 1550673998000,
  "test/unit/AllTests-dbg.js": 1550681251714,
  "test/unit/AllTests.js": 1550673998000,
  "test/unit/controller/Main-dbg.controller.js": 1550681251714,
  "test/unit/controller/Main.controller.js": 1550673998000,
  "test/unit/unitTests.qunit-dbg.js": 1550681251714,
  "test/unit/unitTests.qunit.html": 1550673998000,
  "test/unit/unitTests.qunit.js": 1550673998000,
  "view/Main.view.xml": 1550673998000
}